id, response
1, "The quick brown fox jumps over the lazy dog. This classic pangram contains every letter of the English alphabet at least once."
2, "Artificial intelligence is reshaping industries across the globe, from healthcare to finance, transportation to education."
3, "Climate change poses significant challenges to our planet. Reducing carbon emissions and adopting sustainable practices are crucial steps in mitigating its effects."
4, "The Internet of Things (IoT) connects everyday devices to the internet, enabling smart homes, cities, and industries."
5, "Quantum computing has the potential to revolutionize fields such as cryptography, drug discovery, and financial modeling."
6, "Renewable energy sources like solar and wind power are becoming increasingly cost-effective alternatives to fossil fuels."
7, "The human brain contains approximately 86 billion neurons, forming trillions of connections that enable complex thought and behavior."
8, "Space exploration continues to captivate human imagination, with missions to Mars and beyond pushing the boundaries of our knowledge."
9, "Biodiversity is crucial for maintaining healthy ecosystems. Conservation efforts are essential to protect endangered species and habitats."
10, "The development of CRISPR gene-editing technology opens up new possibilities in treating genetic disorders and enhancing crop yields."
11, "Virtual and augmented reality technologies are transforming entertainment, education, and professional training."
12, "The global population is expected to reach 9.7 billion by 2050, presenting challenges in food security, urban planning, and resource management."
13, "Blockchain technology extends beyond cryptocurrencies, offering potential applications in supply chain management, voting systems, and digital identity verification."
14, "Machine learning algorithms are becoming increasingly sophisticated, enabling more accurate predictions and personalized recommendations in various domains."
15, "The exploration of deep-sea ecosystems continues to reveal new species and potential sources of novel compounds for medical and industrial applications."
